fname,itp,tp_prob,its,ts_prob
SC.AXI_20180101062906.npz,[1505],[0.97534],[1798],[0.847278]
SC.AXI_20180101004201.npz,[],[],[],[]
SC.AXI_20180104001929.npz,[],[],[],[]
SC.AXI_20180104072045.npz,[1511],[0.865579],[1945],[0.442677]
SC.AXI_20180101171308.npz,[],[],[],[]
SC.AXI_20180101225925.npz,[1508],[0.969569],[1977],[0.835759]
SC.AXI_20180101172415.npz,[],[],[],[]
SC.AXI_20180101025444.npz,[],[],[],[]
SC.AXI_20180104192616.npz,[2535],[0.802623],[],[]
SC.AXI_20180106031033.npz,[1500],[0.967813],[1875],[0.942979]
SC.AXI_20180106213650.npz,[1488],[0.77634],[2156],[0.576358]
SC.AXI_20180104221703.npz,[1489],[0.761505],[505 2254],[0.376907 0.724284]
SC.AXI_20180104103927.npz,[1475],[0.928043],[1773],[0.479302]
SC.AXI_20180104162403.npz,[1509],[0.892917],[1842],[0.682518]
SC.AXI_20180105164734.npz,[1502],[0.972788],[1645],[0.826304]
SC.AXI_20180105064055.npz,[1498],[0.948007],[1905],[0.756941]
SC.AXI_20180107125730.npz,[1499],[0.958175],[1781],[0.825704]
SC.AXI_20180107121842.npz,[1402 2765],[0.720411 0.309005],[2135],[0.487799]
SC.AXI_20180109021337.npz,[1507],[0.935856],[2022],[0.826309]
SC.AXI_20180109035542.npz,[1496],[0.640193],[1921],[0.829263]
SC.AXI_20180107230121.npz,[1503],[0.971671],[1878],[0.821864]
SC.AXI_20180107144522.npz,[1496],[0.329138],[1509],[0.461401]
SC.AXI_20180107102552.npz,[1499],[0.925141],[2073],[0.870549]
SC.AXI_20180107030901.npz,[1512],[0.790145],[2062],[0.890269]
SC.AXI_20180109122011.npz,[1495],[0.782766],[1850],[0.657677]
SC.AXI_20180111175944.npz,[1495],[0.832233],[1664],[0.403526]
SC.AXI_20180111202226.npz,[1504],[0.975979],[1802],[0.828952]
SC.AXI_20180112003557.npz,[1506],[0.978763],[2008],[0.858347]
SC.AXI_20180112112153.npz,[1505],[0.949332],[1684],[0.641823]
SC.AXI_20180111065936.npz,[1504],[0.960695],[1859],[0.874215]
SC.AXI_20180109193820.npz,[],[],[],[]
SC.AXI_20180112011647.npz,[1508],[0.978015],[1832],[0.762982]
SC.AXI_20180116062722.npz,[1507],[0.865264],[1809],[0.771089]
SC.AXI_20180116010403.npz,[1497 2486],[0.741084 0.816571],[1801],[0.881365]
SC.AXI_20180116124718.npz,[1506],[0.932937],[1793],[0.918041]
SC.AXI_20180112180230.npz,[1511],[0.831303],[1857],[0.781468]
SC.AXI_20180115201712.npz,[1523],[0.903348],[1889],[0.80775]
SC.AXI_20180116014022.npz,[1512],[0.83772],[1978],[0.830077]
SC.AXI_20180116123941.npz,[1499],[0.85485],[2061],[0.91753]
SC.AXI_20180116122145.npz,[2116],[0.371367],[1499],[0.571287]
SC.AXI_20180117112501.npz,[1517],[0.539322],[2312],[0.755]
SC.AXI_20180116160710.npz,[1503],[0.948598],[1773],[0.803873]
SC.AXI_20180116164841.npz,[1509],[0.956984],[1793],[0.919791]
SC.AXI_20180116171458.npz,[1504],[0.943289],[1632],[0.488481]
SC.AXI_20180117013221.npz,[1524],[0.416168],[2617],[0.652206]
SC.AXI_20180117000058.npz,[],[],[],[]
SC.AXI_20180117093754.npz,[],[],[],[]
SC.AXI_20180117101757.npz,[1489],[0.481684],[1751],[0.559747]
SC.AXI_20180119004108.npz,[],[],[],[]
SC.AXI_20180118220903.npz,[1495],[0.903248],[1947],[0.669502]
SC.AXI_20180118075811.npz,[1444],[0.818992],[1873],[0.447714]
SC.AXI_20180117224056.npz,[1511],[0.947485],[1798],[0.796618]
SC.AXI_20180118035729.npz,[1511],[0.955733],[1994],[0.765537]
SC.AXI_20180117131155.npz,[],[],[1514],[0.768594]
SC.AXI_20180117122922.npz,[],[],[1497],[0.374972]
SC.AXI_20180118090128.npz,[1529],[0.321911],[],[]
SC.AXI_20180120121318.npz,[2921],[0.353698],[],[]
SC.AXI_20180119031309.npz,[1511],[0.980653],[1866],[0.890361]
SC.AXI_20180119230723.npz,[1509],[0.567314],[2267],[0.651254]
SC.AXI_20180119102005.npz,[1495],[0.88428],[2026],[0.719176]
SC.AXI_20180120083651.npz,[1505],[0.943545],[2124],[0.633606]
SC.AXI_20180120054547.npz,[1511],[0.354714],[2461],[0.345636]
SC.AXI_20180120100033.npz,[1503],[0.819023],[2881],[0.642778]
SC.AXI_20180119015255.npz,[1503],[0.912313],[],[]
SC.AXI_20180120165525.npz,[1976],[0.341506],[],[]
SC.AXI_20180122042228.npz,[1502],[0.851259],[2505],[0.652585]
SC.AXI_20180120231607.npz,[2778],[0.678268],[],[]
SC.AXI_20180121234326.npz,[1496],[0.855921],[2321],[0.400018]
SC.AXI_20180120204957.npz,[1504],[0.759474],[1706],[0.798092]
SC.AXI_20180121200404.npz,[1503],[0.940881],[1805],[0.749337]
SC.AXI_20180121042256.npz,[1504],[0.875171],[379 1778],[0.329885 0.717774]
SC.AXI_20180120124500.npz,[1500],[0.93393],[2113],[0.607039]
SC.AXI_20180126101452.npz,[1502],[0.546393],[],[]
SC.AXI_20180125044025.npz,[1507],[0.979612],[1834],[0.884634]
SC.AXI_20180123233848.npz,[1507 2795],[0.825379 0.303814],[2029],[0.406683]
SC.AXI_20180126072637.npz,[1506],[0.857086],[1889],[0.614042]
SC.AXI_20180125120818.npz,[2847],[0.305674],[2451],[0.3825]
SC.AXI_20180125093239.npz,[],[],[1521],[0.548173]
SC.AXI_20180123203025.npz,[1503],[0.828475],[2441],[0.462918]
SC.AXI_20180125175424.npz,[1503],[0.978509],[1637],[0.914435]
SC.AXI_20180130234849.npz,[1508],[0.965812],[1720],[0.941914]
SC.AXI_20180130195832.npz,[1516],[0.961771],[2158],[0.485593]
SC.AXI_20180128042315.npz,[1496],[0.741262],[2030],[0.570284]
SC.AXI_20180128020412.npz,[1499],[0.850808],[2612],[0.65464]
SC.AXI_20180128142257.npz,[1503],[0.854314],[2425],[0.58657]
SC.AXI_20180128161615.npz,[1399],[0.438133],[1485],[0.393273]
SC.AXI_20180128054615.npz,[1483],[0.905668],[1785],[0.853345]
SC.AXI_20180128142513.npz,[1486 2406],[0.804049 0.386983],[2414],[0.430334]
SC.AXI_20180131165747.npz,[1505],[0.888838],[1653 2825],[0.384092 0.591711]
SC.AXI_20180201114749.npz,[1523],[0.895381],[1697],[0.321643]
SC.AXI_20180201044501.npz,[1512],[0.731786],[2893],[0.36041]
SC.AXI_20180131045637.npz,[1545],[0.750456],[2543],[0.411443]
SC.AXI_20180131154059.npz,[1494],[0.878469],[1815],[0.508518]
SC.AXI_20180131015350.npz,[1495],[0.873945],[2573],[0.723318]
SC.AXI_20180201085049.npz,[1508],[0.956779],[1849],[0.771018]
SC.AXI_20180131230819.npz,[1516],[0.792947],[2265],[0.704996]
SC.AXI_20180201165513.npz,[],[],[],[]
SC.AXI_20180201205644.npz,[1516],[0.957889],[1866],[0.841394]
SC.AXI_20180201165318.npz,[1512],[0.591479],[1639],[0.529201]
SC.AXI_20180201171301.npz,[1511],[0.914069],[1701],[0.514912]
SC.AXI_20180202054619.npz,[1499],[0.917778],[1978],[0.728247]
SC.AXI_20180201222759.npz,[1501],[0.966277],[1788],[0.840911]
SC.AXI_20180202064408.npz,[1504],[0.56283],[2172],[0.71895]
SC.AXI_20180201172141.npz,[1515],[0.915303],[1853],[0.87185]
SC.AXI_20180205054629.npz,[1506],[0.96817],[1798],[0.845166]
SC.AXI_20180202144809.npz,[1509],[0.908534],[2119],[0.629511]
SC.AXI_20180206033445.npz,[1514],[0.943135],[1819],[0.637416]
SC.AXI_20180204215641.npz,[],[],[],[]
SC.AXI_20180205013612.npz,[1503],[0.84089],[1922],[0.635434]
SC.AXI_20180206023530.npz,[1506],[0.975129],[1786],[0.915627]
SC.AXI_20180205224947.npz,[1504],[0.969747],[1915],[0.942042]
SC.AXI_20180202144744.npz,[1495],[0.815688],[2361],[0.332152]
SC.AXI_20180207020014.npz,[],[],[],[]
SC.AXI_20180206235041.npz,[],[],[],[]
SC.AXI_20180207232129.npz,[],[],[],[]
SC.AXI_20180207191306.npz,[],[],[],[]
SC.AXI_20180208115321.npz,[1498],[0.876887],[1801],[0.779274]
SC.AXI_20180206075726.npz,[1497],[0.572409],[2785],[0.497886]
SC.AXI_20180207031530.npz,[],[],[],[]
SC.AXI_20180207141859.npz,[1507],[0.863088],[2368],[0.84639]
SC.AXI_20180209114754.npz,[1504],[0.970566],[1925],[0.805208]
SC.AXI_20180208191014.npz,[1510],[0.956564],[1790],[0.87675]
SC.AXI_20180209211211.npz,[],[],[],[]
SC.AXI_20180208195609.npz,[],[],[],[]
SC.AXI_20180209171135.npz,[1512],[0.911697],[1709],[0.569823]
SC.AXI_20180208201300.npz,[1521],[0.665103],[],[]
SC.AXI_20180208155902.npz,[1507],[0.951578],[1653],[0.791746]
SC.AXI_20180208154022.npz,[1447],[0.338219],[1604],[0.550961]
SC.AXI_20180211053431.npz,[1504],[0.865035],[1861],[0.708783]
SC.AXI_20180210044609.npz,[],[],[],[]
SC.AXI_20180210142845.npz,[1531],[0.842966],[2117],[0.780053]
SC.AXI_20180210021201.npz,[],[],[2507 2990],[0.787795 0.85455]
SC.AXI_20180209211857.npz,[],[],[],[]
SC.AXI_20180212064900.npz,[1484 2612],[0.79634 0.304723],[1874],[0.577955]
SC.AXI_20180211025025.npz,[1492],[0.698393],[],[]
SC.AXI_20180210064931.npz,[],[],[],[]
SC.AXI_20180214020753.npz,[1512],[0.936901],[1781],[0.572527]
SC.AXI_20180213143301.npz,[1507],[0.880816],[1988],[0.827051]
SC.AXI_20180214010719.npz,[1500],[0.880753],[2037],[0.681579]
SC.AXI_20180213114004.npz,[1509],[0.951159],[1838],[0.890232]
SC.AXI_20180212204943.npz,[1503],[0.981708],[1622],[0.93192]
SC.AXI_20180212203012.npz,[],[],[],[]
SC.AXI_20180213002457.npz,[],[],[],[]
SC.AXI_20180214041645.npz,[1492],[0.912145],[1894],[0.803515]
SC.AXI_20180214234911.npz,[1511],[0.76441],[2197],[0.837752]
SC.AXI_20180214054916.npz,[1496],[0.798985],[1977],[0.875529]
SC.AXI_20180215010320.npz,[1692],[0.734902],[2522],[0.793915]
SC.AXI_20180214200929.npz,[],[],[],[]
SC.AXI_20180214203129.npz,[],[],[],[]
SC.AXI_20180214223045.npz,[1506],[0.937451],[1892],[0.814178]
SC.AXI_20180215053819.npz,[1492],[0.604483],[1959],[0.48357]
SC.AXI_20180214165904.npz,[1472],[0.572009],[2153],[0.744617]
SC.AXI_20180216030138.npz,[1504],[0.973419],[1995],[0.954129]
SC.AXI_20180216135459.npz,[1502],[0.959177],[1946],[0.850665]
SC.AXI_20180215072242.npz,[1499],[0.940775],[1848],[0.835093]
SC.AXI_20180215155627.npz,[1499],[0.327629],[2318],[0.673688]
SC.AXI_20180215225715.npz,[1517],[0.980149],[1885],[0.948111]
SC.AXI_20180216054027.npz,[1499],[0.668288],[],[]
SC.AXI_20180215213324.npz,[1508],[0.803717],[2085],[0.690191]
SC.AXI_20180215212642.npz,[1467],[0.69939],[2137],[0.629506]
SC.AXI_20180217191417.npz,[1493],[0.552807],[2230],[0.39688]
SC.AXI_20180217071633.npz,[1491],[0.887358],[2353],[0.793553]
SC.AXI_20180217143623.npz,[1496],[0.867428],[2501],[0.57679]
SC.AXI_20180218114412.npz,[1507],[0.429177],[2685],[0.424258]
SC.AXI_20180216140031.npz,[1514],[0.946177],[1737],[0.899899]
SC.AXI_20180216234151.npz,[1496],[0.749483],[2420],[0.510675]
SC.AXI_20180218055535.npz,[1504],[0.898081],[],[]
SC.AXI_20180216225039.npz,[1503],[0.961119],[1835],[0.944687]
SC.AXI_20180219043820.npz,[1504],[0.949539],[2029],[0.629619]
SC.AXI_20180219045317.npz,[1499],[0.959371],[1776],[0.945658]
SC.AXI_20180219054231.npz,[1507],[0.952303],[1984],[0.643344]
SC.AXI_20180219005057.npz,[1502],[0.961668],[1794],[0.877553]
SC.AXI_20180218134047.npz,[1502],[0.978566],[1779],[0.563626]
SC.AXI_20180218220851.npz,[1493],[0.474711],[2214],[0.501586]
SC.AXI_20180219030435.npz,[1504],[0.976401],[1670],[0.909162]
SC.AXI_20180218201701.npz,[1502],[0.974779],[1785],[0.891798]
SC.AXI_20180221031956.npz,[1501],[0.95789],[1789],[0.771727]
SC.AXI_20180221011219.npz,[1496],[0.461991],[2457],[0.340655]
SC.AXI_20180220083520.npz,[1492],[0.807426],[1866],[0.851168]
SC.AXI_20180221003529.npz,[],[],[],[]
SC.AXI_20180220025017.npz,[1519],[0.904219],[1986],[0.819232]
SC.AXI_20180219185345.npz,[],[],[],[]
SC.AXI_20180221064020.npz,[1506],[0.966328],[2050],[0.807098]
SC.AXI_20180219082901.npz,[1507],[0.984811],[1796],[0.878157]
SC.AXI_20180222082646.npz,[1509],[0.774245],[1989],[0.94024]
SC.AXI_20180222032210.npz,[1505],[0.768696],[2545],[0.604763]
SC.AXI_20180222215137.npz,[1505],[0.456447],[2697],[0.597017]
SC.AXI_20180221230741.npz,[1508],[0.949628],[1905],[0.911703]
SC.AXI_20180222001359.npz,[],[],[],[]
SC.AXI_20180222000742.npz,[],[],[],[]
SC.AXI_20180222073325.npz,[1432],[0.338337],[2047],[0.784848]
SC.AXI_20180222035745.npz,[1499],[0.921243],[1957],[0.846684]
SC.AXI_20180225000916.npz,[],[],[],[]
SC.AXI_20180225043037.npz,[1504],[0.980936],[1846],[0.811169]
SC.AXI_20180224111402.npz,[1504],[0.85411],[2500],[0.719785]
SC.AXI_20180224123917.npz,[1504],[0.981374],[1825],[0.555821]
SC.AXI_20180223145759.npz,[1501],[0.688809],[2409],[0.376713]
SC.AXI_20180225033617.npz,[1493],[0.977673],[1797],[0.782872]
SC.AXI_20180225003433.npz,[1495],[0.410959],[2393],[0.36949]
SC.AXI_20180225064808.npz,[1495],[0.825468],[],[]
SC.AXI_20180225185641.npz,[1507],[0.975126],[1865],[0.938937]
SC.AXI_20180227000220.npz,[],[],[],[]
SC.AXI_20180227133905.npz,[1514],[0.925599],[1932],[0.906805]
SC.AXI_20180227133557.npz,[1506],[0.911006],[1927],[0.784944]
SC.AXI_20180225120738.npz,[1502],[0.978069],[1721],[0.955634]
SC.AXI_20180225175513.npz,[1503],[0.942032],[1966],[0.910003]
SC.AXI_20180225140518.npz,[1488],[0.886185],[2077],[0.925485]
SC.AXI_20180227134342.npz,[1508],[0.963594],[1925],[0.806009]
SC.AXI_20180228195010.npz,[1512],[0.980139],[1920],[0.808617]
SC.AXI_20180227185302.npz,[1533],[0.769678],[2156],[0.5215]
SC.AXI_20180227154304.npz,[1491],[0.539297],[1830],[0.824542]
SC.AXI_20180228033245.npz,[1508],[0.977474],[1880],[0.854272]
SC.AXI_20180227223721.npz,[1503],[0.828955],[],[]
SC.AXI_20180227214230.npz,[1510],[0.932445],[2643],[0.330881]
SC.AXI_20180228004349.npz,[],[],[],[]
SC.AXI_20180228110400.npz,[1501],[0.967943],[1838],[0.897122]
SC.AXI_20180302172239.npz,[1499],[0.726623],[2269],[0.815302]
SC.AXI_20180302214026.npz,[1503],[0.921836],[2361],[0.513274]
SC.AXI_20180302001723.npz,[],[],[],[]
SC.AXI_20180301131326.npz,[1481],[0.66166],[2635],[0.589764]
SC.AXI_20180302202122.npz,[2399],[0.898317],[],[]
SC.AXI_20180303004821.npz,[1499],[0.983443],[1816],[0.936831]
SC.AXI_20180302060149.npz,[1508],[0.790359],[2342],[0.843714]
SC.AXI_20180303070509.npz,[1494],[0.961466],[1954],[0.756005]
SC.AXI_20180304073434.npz,[1508],[0.9651],[1885],[0.939262]
SC.AXI_20180304005838.npz,[1533],[0.53943],[2176],[0.759644]
SC.AXI_20180302220931.npz,[1508],[0.694462],[2329],[0.371638]
SC.AXI_20180305025630.npz,[1499],[0.758669],[2284],[0.585833]
SC.AXI_20180307155714.npz,[1511],[0.975219],[1880],[0.935018]
SC.AXI_20180304022556.npz,[1502],[0.975411],[1889],[0.835566]
SC.AXI_20180305111640.npz,[1505],[0.963509],[1845],[0.907423]
SC.AXI_20180307134259.npz,[1511],[0.985049],[1561],[0.781064]
SC.AXI_20180308035407.npz,[1499],[0.638733],[],[]
SC.AXI_20180306151730.npz,[1502],[0.938691],[1671],[0.511582]
SC.AXI_20180307043703.npz,[],[],[2703],[0.410834]
SC.AXI_20180304202801.npz,[],[],[],[]
SC.AXI_20180310061926.npz,[1518],[0.793647],[1812],[0.679905]
SC.AXI_20180307151748.npz,[1553],[0.518442],[],[]
SC.AXI_20180308055128.npz,[1515],[0.929678],[2107],[0.677891]
SC.AXI_20180310142835.npz,[1549],[0.69654],[1973],[0.926872]
SC.AXI_20180309155608.npz,[],[],[],[]
SC.AXI_20180307173433.npz,[1505],[0.97284],[1638],[0.896811]
SC.AXI_20180308223530.npz,[],[],[],[]
SC.AXI_20180309013557.npz,[1502],[0.909519],[1794],[0.78669]
SC.AXI_20180310172257.npz,[1515],[0.842507],[1637],[0.91974]
SC.AXI_20180312161701.npz,[1509],[0.933268],[1953],[0.725525]
SC.AXI_20180312174022.npz,[1502],[0.960871],[1793],[0.913942]
SC.AXI_20180310010612.npz,[1518],[0.895043],[2105],[0.679715]
SC.AXI_20180317002735.npz,[1492],[0.699757],[1941],[0.796691]
SC.AXI_20180313031832.npz,[],[],[],[]
SC.AXI_20180310234749.npz,[1512],[0.859507],[2077],[0.686757]
SC.AXI_20180315103845.npz,[1499],[0.934487],[1965],[0.926066]
SC.AXI_20180312033052.npz,[1498],[0.934869],[1894],[0.875324]
SC.AXI_20180311183709.npz,[1510],[0.88507],[1679],[0.534925]
SC.AXI_20180318160553.npz,[1499],[0.830746],[1897],[0.319055]
SC.AXI_20180311002113.npz,[],[],[],[]
SC.AXI_20180310124617.npz,[1517],[0.950338],[1984],[0.775642]
SC.AXI_20180317010657.npz,[1501],[0.951406],[1873],[0.603233]
SC.AXI_20180320171700.npz,[1488],[0.943573],[1765],[0.614213]
SC.AXI_20180314051400.npz,[],[],[1792],[0.49791]
SC.AXI_20180315045123.npz,[1487],[0.877211],[],[]
SC.AXI_20180313071421.npz,[1465],[0.559244],[1961],[0.563889]
SC.AXI_20180312171644.npz,[1502],[0.950675],[1634],[0.881029]
SC.AXI_20180317093112.npz,[1479],[0.823548],[],[]
SC.AXI_20180314181448.npz,[1495],[0.864129],[1661],[0.527073]
SC.AXI_20180318163646.npz,[1502],[0.965712],[1977],[0.763034]
SC.AXI_20180327032631.npz,[1500],[0.946544],[1994],[0.820326]
SC.AXI_20180318110703.npz,[1507],[0.885445],[1977],[0.433039]
SC.AXI_20180318233026.npz,[1488],[0.884569],[1977],[0.561133]
SC.AXI_20180317053208.npz,[1517],[0.934646],[2105],[0.560127]
SC.AXI_20180320050522.npz,[1503],[0.85571],[2183],[0.592353]
SC.AXI_20180328020510.npz,[1496],[0.966745],[1789],[0.912596]
SC.AXI_20180318002955.npz,[],[],[],[]
SC.AXI_20180315165344.npz,[1506],[0.910178],[1629],[0.838758]
SC.AXI_20180318200141.npz,[1499],[0.884705],[2089],[0.577389]
SC.AXI_20180318043545.npz,[1515],[0.726576],[2071],[0.452471]
SC.AXI_20180319014227.npz,[1508],[0.83926],[2375],[0.494558]
SC.AXI_20180322074848.npz,[1495],[0.825059],[1773],[0.71683]
SC.AXI_20180329075718.npz,[1507],[0.979314],[1873],[0.91591]
SC.AXI_20180324171113.npz,[1502],[0.952802],[1877],[0.736697]
SC.AXI_20180321213437.npz,[],[],[],[]
SC.AXI_20180321012425.npz,[1501],[0.942873],[1822],[0.863266]
SC.AXI_20180328005935.npz,[],[],[],[]
SC.AXI_20180327181322.npz,[1502],[0.972465],[1695],[0.45101]
SC.AXI_20180324095556.npz,[1503],[0.880464],[1624],[0.800776]
SC.AXI_20180318160028.npz,[1501],[0.833978],[1782],[0.471967]
SC.AXI_20180331102347.npz,[1503],[0.980073],[1545],[0.843084]
SC.AXI_20180319050013.npz,[1509],[0.650263],[2625],[0.505091]
SC.AXI_20180328132916.npz,[1507],[0.910536],[2065],[0.759987]
SC.AXI_20180329043048.npz,[1500],[0.912458],[2057],[0.831087]
SC.AXI_20180327105306.npz,[1524],[0.530701],[1905],[0.526647]
SC.AXI_20180327203630.npz,[1508],[0.961389],[1939],[0.720524]
SC.AXI_20180320122831.npz,[1488],[0.814099],[2182],[0.708328]
SC.AXI_20180327171253.npz,[1497],[0.31462],[],[]
SC.AXI_20180324120327.npz,[1494],[0.827367],[1769],[0.546794]
SC.AXI_20180404201401.npz,[1500],[0.955331],[1774],[0.870888]
SC.AXI_20180329155008.npz,[1507],[0.937245],[1816],[0.475422]
SC.AXI_20180325200656.npz,[1501],[0.974168],[1870],[0.734839]
SC.AXI_20180328111635.npz,[1498],[0.941197],[2068],[0.663589]
SC.AXI_20180329032344.npz,[1503],[0.963379],[1789],[0.786136]
SC.AXI_20180330092813.npz,[1505],[0.643742],[],[]
SC.AXI_20180328094544.npz,[1503],[0.897201],[2057],[0.574872]
SC.AXI_20180328011511.npz,[1504],[0.958359],[2005],[0.80314]
SC.AXI_20180327213313.npz,[1861],[0.920507],[1257 2284],[0.398465 0.558132]
SC.AXI_20180406042003.npz,[1514],[0.855348],[1913],[0.708052]
SC.AXI_20180329200921.npz,[1505],[0.971092],[1858],[0.851897]
SC.AXI_20180403104354.npz,[1508],[0.864467],[1735],[0.529752]
SC.AXI_20180329145407.npz,[1503],[0.944253],[1884],[0.864943]
SC.AXI_20180329072527.npz,[1512],[0.923205],[2187],[0.529808]
SC.AXI_20180403180915.npz,[1503 2298],[0.961044 0.959683],[1618 2414],[0.82412 0.894535]
SC.AXI_20180408224035.npz,[1504],[0.681086],[2393],[0.84917]
SC.AXI_20180329110040.npz,[1507],[0.908715],[2057],[0.627749]
SC.AXI_20180405131710.npz,[1500],[0.750084],[1953],[0.483904]
SC.AXI_20180329034136.npz,[1506],[0.93657],[2082],[0.839309]
SC.AXI_20180410052410.npz,[1499],[0.940516],[1913],[0.718712]
SC.AXI_20180330180157.npz,[1489],[0.401827],[],[]
SC.AXI_20180404120142.npz,[1502],[0.89831],[1613],[0.781893]
SC.AXI_20180402005432.npz,[],[],[],[]
SC.AXI_20180405202054.npz,[1504],[0.966436],[1910],[0.874057]
SC.AXI_20180411161335.npz,[],[],[1933],[0.364876]
SC.AXI_20180401075229.npz,[1495],[0.85928],[1837],[0.551904]
SC.AXI_20180406131457.npz,[1504],[0.817161],[1806],[0.91932]
SC.AXI_20180404191727.npz,[1479],[0.921136],[1883],[0.374582]
SC.AXI_20180330025836.npz,[1509],[0.978204],[1870],[0.887407]
SC.AXI_20180405235214.npz,[1519],[0.861082],[1833],[0.911564]
SC.AXI_20180412040246.npz,[1522],[0.958031],[1881],[0.780082]
SC.AXI_20180405051622.npz,[1539 2771],[0.45585 0.762779],[2153],[0.688253]
SC.AXI_20180407073444.npz,[1489],[0.705815],[2012],[0.583593]
SC.AXI_20180408092127.npz,[1498],[0.95767],[1996],[0.695669]
SC.AXI_20180406062228.npz,[1499],[0.929956],[1965],[0.718204]
SC.AXI_20180403180922.npz,[711 1506],[0.963443 0.954649],[828 1622],[0.820587 0.891351]
SC.AXI_20180409125954.npz,[1514],[0.919215],[1861],[0.386395]
SC.AXI_20180405025943.npz,[1503],[0.949579],[1906],[0.85412]
SC.AXI_20180409094738.npz,[1583],[0.733691],[1934],[0.779642]
SC.AXI_20180406035625.npz,[1519],[0.395163],[],[]
SC.AXI_20180412051441.npz,[1522],[0.958031],[1881],[0.780082]
SC.AXI_20180409104607.npz,[1504],[0.86172],[1707],[0.404682]
SC.AXI_20180411104436.npz,[2092],[0.366324],[2105],[0.455663]
SC.AXI_20180406044531.npz,[1512],[0.922469],[1908],[0.682365]
SC.AXI_20180409063450.npz,[1501],[0.557687],[2345],[0.483718]
SC.AXI_20180408222835.npz,[1504],[0.897917],[2081],[0.661555]
SC.AXI_20180405202237.npz,[1503],[0.968154],[1909],[0.864856]
SC.AXI_20180412033116.npz,[1522],[0.958031],[1881],[0.780082]
SC.AXI_20180412155331.npz,[1522],[0.958031],[1881],[0.780082]
SC.AXI_20180410123127.npz,[1506],[0.975932],[1901],[0.743728]
SC.AXI_20180411035231.npz,[1508],[0.974012],[1833],[0.554024]
SC.AXI_20180411040547.npz,[1499],[0.928154],[1902],[0.865119]
SC.AXI_20180409015631.npz,[1525],[0.623937],[1791],[0.476693]
SC.AXI_20180410035345.npz,[1518],[0.791382],[2893],[0.388049]
SC.AXI_20180410061648.npz,[1503],[0.978887],[1877],[0.950894]
SC.AXI_20180411235720.npz,[1522],[0.958031],[1881],[0.780082]
SC.AXI_20180412045740.npz,[1522],[0.958031],[1881],[0.780082]
SC.AXI_20180412193038.npz,[1522],[0.958031],[1881],[0.780082]
SC.AXI_20180412032421.npz,[1499],[0.970348],[1858],[0.93611]
SC.AXI_20180411120215.npz,[1437],[0.393655],[1895 1969],[0.373846 0.46893]
SC.AXI_20180412024925.npz,[1495],[0.915359],[1762],[0.822356]
SC.AXI_20180407191957.npz,[1486],[0.959002],[1889],[0.8376]
SC.AXI_20180412041523.npz,[1522],[0.958031],[1881],[0.780082]
SC.AXI_20180411210611.npz,[1522],[0.958031],[1881],[0.780082]
SC.AXI_20180412153451.npz,[1522],[0.958031],[1881],[0.780082]
SC.AXI_20180414112839.npz,[1504],[0.903743],[1753],[0.724151]
SC.AXI_20180412040801.npz,[1522],[0.958031],[1881],[0.780082]
SC.AXI_20180412035813.npz,[1522],[0.958031],[1881],[0.780082]
SC.AXI_20180412151919.npz,[1522],[0.958031],[1881],[0.780082]
SC.AXI_20180409124621.npz,[1503],[0.816512],[2637],[0.498275]
SC.AXI_20180412041516.npz,[1522],[0.958031],[1881],[0.780082]
SC.AXI_20180412175835.npz,[1522],[0.958031],[1881],[0.780082]
SC.AXI_20180412040537.npz,[1522],[0.958031],[1881],[0.780082]
SC.AXI_20180414195728.npz,[1522],[0.958031],[1881],[0.780082]
SC.AXI_20180412052945.npz,[1522],[0.958031],[1881],[0.780082]
SC.AXI_20180412050425.npz,[1472],[0.858659],[1889],[0.775396]
SC.AXI_20180411064303.npz,[1523],[0.797502],[1847],[0.353627]
SC.AXI_20180412052735.npz,[1522],[0.958031],[1881],[0.780082]
SC.AXI_20180413211711.npz,[],[],[],[]
SC.AXI_20180412165342.npz,[1522],[0.958031],[1881],[0.780082]
SC.AXI_20180415041958.npz,[1522],[0.958031],[1881],[0.780082]
SC.AXI_20180412173010.npz,[1522],[0.958031],[1881],[0.780082]
SC.AXI_20180412151554.npz,[1522],[0.958031],[1881],[0.780082]
SC.AXI_20180413032523.npz,[1522],[0.958031],[1881],[0.780082]
SC.AXI_20180412032836.npz,[1522],[0.958031],[1881],[0.780082]
SC.AXI_20180414193322.npz,[1522],[0.958031],[1881],[0.780082]
SC.AXI_20180413035538.npz,[1522],[0.958031],[1881],[0.780082]
SC.AXI_20180412173002.npz,[1522],[0.958031],[1881],[0.780082]
SC.AXI_20180412153512.npz,[1522],[0.958031],[1881],[0.780082]
SC.AXI_20180415061638.npz,[1522],[0.958031],[1881],[0.780082]
SC.AXI_20180412160606.npz,[1522],[0.958031],[1881],[0.780082]
SC.AXI_20180414134341.npz,[1315],[0.666532],[1519],[0.483321]
SC.AXI_20180412042330.npz,[1522],[0.958031],[1881],[0.780082]
SC.AXI_20180415040941.npz,[1522],[0.958031],[1881],[0.780082]
SC.AXI_20180413035413.npz,[1522],[0.958031],[1881],[0.780082]
SC.AXI_20180414193205.npz,[1522],[0.958031],[1881],[0.780082]
SC.AXI_20180415013031.npz,[1512],[0.954498],[1870],[0.830661]
SC.AXI_20180412225047.npz,[1522],[0.958031],[1881],[0.780082]
SC.AXI_20180412185908.npz,[1522],[0.958031],[1881],[0.780082]
SC.AXI_20180412153357.npz,[1522],[0.958031],[1881],[0.780082]
SC.AXI_20180415052750.npz,[1522],[0.958031],[1881],[0.780082]
SC.AXI_20180421034658.npz,[1510],[0.969606],[1909],[0.929415]
SC.AXI_20180414180536.npz,[1522],[0.958031],[1881],[0.780082]
SC.AXI_20180415040701.npz,[1522],[0.958031],[1881],[0.780082]
SC.AXI_20180414121844.npz,[1483],[0.865872],[1991],[0.432501]
SC.AXI_20180412173333.npz,[1522],[0.958031],[1881],[0.780082]
SC.AXI_20180414013122.npz,[1488],[0.851065],[],[]
SC.AXI_20180415043417.npz,[1522],[0.958031],[1881],[0.780082]
SC.AXI_20180415030318.npz,[1522],[0.958031],[1881],[0.780082]
SC.AXI_20180422082102.npz,[1496],[0.956937],[1881],[0.83948]
SC.AXI_20180415050222.npz,[1522],[0.958031],[1881],[0.780082]
SC.AXI_20180419121720.npz,[1501],[0.911936],[1850],[0.818718]
SC.AXI_20180414203240.npz,[1504],[0.959693],[1892],[0.928396]
SC.AXI_20180414193357.npz,[1522],[0.958031],[1881],[0.780082]
SC.AXI_20180413181653.npz,[1500],[0.474017],[],[]
SC.AXI_20180415195926.npz,[1522],[0.958031],[1881],[0.780082]
SC.AXI_20180418091226.npz,[1503],[0.877842],[1929],[0.77413]
SC.AXI_20180421095331.npz,[1508],[0.979888],[1905],[0.677438]
SC.AXI_20180415043724.npz,[1522],[0.958031],[1881],[0.780082]
SC.AXI_20180425025456.npz,[1497],[0.355596],[2781],[0.604816]
SC.AXI_20180415041233.npz,[1522],[0.958031],[1881],[0.780082]
SC.AXI_20180415042858.npz,[1522],[0.958031],[1881],[0.780082]
SC.AXI_20180421062119.npz,[1503],[0.96127],[1904],[0.819913]
SC.AXI_20180414193211.npz,[1522],[0.958031],[1881],[0.780082]
SC.AXI_20180418015737.npz,[1499],[0.839729],[1802],[0.634188]
SC.AXI_20180424180730.npz,[1493],[0.737463],[],[]
SC.AXI_20180421051426.npz,[1504],[0.946475],[1911],[0.876229]
SC.AXI_20180426162602.npz,[1499],[0.889083],[2249],[0.747506]
SC.AXI_20180415052809.npz,[1522],[0.958031],[1881],[0.780082]
SC.AXI_20180415122118.npz,[1522],[0.958031],[1881],[0.780082]
SC.AXI_20180415040824.npz,[1522],[0.958031],[1881],[0.780082]
SC.AXI_20180423222620.npz,[1502],[0.973599],[1649],[0.953681]
SC.AXI_20180421052526.npz,[1507],[0.97675],[1905],[0.719415]
SC.AXI_20180426073929.npz,[1506],[0.9204],[1906],[0.769964]
SC.AXI_20180502010537.npz,[1506],[0.974174],[1901],[0.811776]
SC.AXI_20180423012654.npz,[1459],[0.927724],[2021],[0.836695]
SC.AXI_20180420113411.npz,[1488],[0.881734],[1618],[0.859326]
SC.AXI_20180425120053.npz,[1481],[0.488075],[1851],[0.302117]
SC.AXI_20180501172249.npz,[1507],[0.934172],[1785],[0.86971]
SC.AXI_20180421043406.npz,[1479],[0.543295],[2770],[0.772057]
SC.AXI_20180415051844.npz,[1522],[0.958031],[1881],[0.780082]
SC.AXI_20180423153928.npz,[1507],[0.928504],[1773],[0.73382]
SC.AXI_20180430022746.npz,[1499],[0.936446],[2021],[0.775708]
SC.AXI_20180502071051.npz,[1499],[0.678317],[],[]
SC.AXI_20180502074703.npz,[],[],[],[]
SC.AXI_20180418152033.npz,[1492],[0.741306],[1649],[0.514108]
SC.AXI_20180422150204.npz,[1503],[0.973335],[1913],[0.622044]
SC.AXI_20180502152522.npz,[1501],[0.780637],[2196],[0.837868]
SC.AXI_20180422065150.npz,[1506],[0.948342],[1837],[0.943073]
SC.AXI_20180425053758.npz,[1506],[0.892951],[2214],[0.814666]
SC.AXI_20180502223930.npz,[1508],[0.988317],[1589],[0.768646]
SC.AXI_20180425053812.npz,[168],[0.869914],[878 2137],[0.770646 0.650745]
SC.AXI_20180502043851.npz,[1520],[0.476344],[2036],[0.578794]
SC.AXI_20180502134831.npz,[1504],[0.971973],[1789],[0.704998]
SC.AXI_20180503121842.npz,[1448],[0.82734],[1553],[0.306732]
SC.AXI_20180428142658.npz,[1460],[0.828132],[1617],[0.536548]
SC.AXI_20180421090327.npz,[1503],[0.926081],[1902],[0.81594]
SC.AXI_20180424191930.npz,[1505],[0.9527],[1988],[0.519229]
SC.AXI_20180429131914.npz,[1502],[0.979628],[1805],[0.873069]
SC.AXI_20180425045326.npz,[1502],[0.958382],[1858],[0.758178]
SC.AXI_20180503210258.npz,[1504],[0.97136],[1773],[0.955516]
SC.AXI_20180503031540.npz,[1505],[0.943274],[1881],[0.931464]
SC.AXI_20180504044330.npz,[1499],[0.869744],[2085],[0.771733]
SC.AXI_20180426124507.npz,[1499],[0.89923],[1867],[0.30635]
SC.AXI_20180502033519.npz,[1528],[0.737903],[2057],[0.680429]
SC.AXI_20180424150447.npz,[1503],[0.973453],[1703],[0.505248]
SC.AXI_20180504015903.npz,[1501],[0.973267],[1896],[0.843628]
SC.AXI_20180502042844.npz,[1557],[0.822318],[],[]
SC.AXI_20180505172236.npz,[1505],[0.361288],[1917],[0.53954]
SC.AXI_20180501183557.npz,[1511],[0.968056],[1761],[0.871947]
SC.AXI_20180502101110.npz,[1508],[0.95787],[1941],[0.657456]
SC.AXI_20180427144450.npz,[1502],[0.972405],[1886],[0.822425]
SC.AXI_20180504111511.npz,[1511],[0.882583],[1884],[0.828192]
SC.AXI_20180506012630.npz,[1506],[0.974314],[2035],[0.897841]
SC.AXI_20180502030527.npz,[1507],[0.985706],[1584],[0.858099]
SC.AXI_20180503010244.npz,[1509],[0.971489],[1845],[0.747625]
SC.AXI_20180502102314.npz,[1510],[0.971325],[1691],[0.475054]
SC.AXI_20180502072530.npz,[1515],[0.82259],[1977],[0.698191]
SC.AXI_20180506174032.npz,[1507],[0.930302],[1620],[0.459909]
SC.AXI_20180506152557.npz,[1508],[0.908208],[1745],[0.652263]
SC.AXI_20180505161720.npz,[1506],[0.970113],[2005],[0.804004]
SC.AXI_20180502083335.npz,[1511],[0.869925],[2087],[0.526936]
SC.AXI_20180426012344.npz,[],[],[],[]
SC.AXI_20180503025106.npz,[1502],[0.9619],[2046],[0.91734]
SC.AXI_20180508231133.npz,[1541],[0.73071],[],[]
SC.AXI_20180504013452.npz,[1500],[0.966539],[1770],[0.876555]
SC.AXI_20180503235701.npz,[1502],[0.944563],[1885],[0.705396]
SC.AXI_20180502230222.npz,[1507],[0.986064],[1589],[0.932264]
SC.AXI_20180502153726.npz,[],[],[2673],[0.503249]
SC.AXI_20180506135255.npz,[1501],[0.499253],[1833],[0.589129]
SC.AXI_20180511182745.npz,[1504],[0.902841],[2609],[0.70958]
SC.AXI_20180508172228.npz,[1506],[0.967795],[1881],[0.928621]
SC.AXI_20180430164840.npz,[1492],[0.865195],[1624],[0.859115]
SC.AXI_20180504193843.npz,[1512],[0.742219],[1982],[0.918066]
SC.AXI_20180510102726.npz,[1503],[0.765605],[1783],[0.337243]
SC.AXI_20180503233431.npz,[1501],[0.825989],[1892],[0.608009]
SC.AXI_20180507204602.npz,[1511],[0.929509],[2201],[0.835747]
SC.AXI_20180516192037.npz,[1508],[0.882757],[1798],[0.654084]
SC.AXI_20180503150404.npz,[1487],[0.783709],[1897],[0.312606]
SC.AXI_20180504194622.npz,[1507],[0.844676],[2093],[0.590446]
SC.AXI_20180504132950.npz,[1523],[0.941506],[1885],[0.764701]
SC.AXI_20180502070041.npz,[1503],[0.946081],[1942],[0.812133]
SC.AXI_20180509234629.npz,[],[],[],[]
SC.AXI_20180506072800.npz,[],[],[477 1553],[0.444789 0.59713]
SC.AXI_20180518041644.npz,[1522],[0.958031],[1881],[0.780082]
SC.AXI_20180506115659.npz,[1507],[0.905123],[1706],[0.647695]
SC.AXI_20180504054531.npz,[1509],[0.971086],[1867],[0.932685]
SC.AXI_20180506042032.npz,[1517],[0.742686],[2320],[0.867825]
SC.AXI_20180516043640.npz,[1495],[0.950676],[1864],[0.775795]
SC.AXI_20180513122036.npz,[1504],[0.78711],[2220],[0.601795]
SC.AXI_20180502145239.npz,[1499],[0.920455],[1945],[0.799185]
SC.AXI_20180519180049.npz,[1510],[0.872127],[1930],[0.76705]
SC.AXI_20180506234053.npz,[1487],[0.778851],[],[]
SC.AXI_20180518021540.npz,[1522],[0.958031],[1881],[0.780082]
SC.AXI_20180518031623.npz,[1522],[0.958031],[1881],[0.780082]
SC.AXI_20180505204523.npz,[1508],[0.911596],[2093],[0.696154]
SC.AXI_20180507152633.npz,[1511],[0.89541],[1961],[0.688144]
SC.AXI_20180524114625.npz,[1503],[0.88227],[1972],[0.591584]
SC.AXI_20180509192504.npz,[1504],[0.975436],[1900],[0.901413]
SC.AXI_20180503065159.npz,[1503],[0.980498],[1924],[0.878874]
SC.AXI_20180506232219.npz,[1520],[0.824785],[],[]
SC.AXI_20180518053903.npz,[1522],[0.958031],[1881],[0.780082]
SC.AXI_20180518180337.npz,[1471],[0.816196],[1809],[0.457999]
SC.AXI_20180509004937.npz,[],[],[],[]
SC.AXI_20180506155852.npz,[1503],[0.842537],[2237],[0.556984]
SC.AXI_20180524041443.npz,[1473],[0.665406],[],[]
SC.AXI_20180509223134.npz,[],[],[],[]
SC.AXI_20180513030440.npz,[1507],[0.855872],[2191],[0.311935]
SC.AXI_20180504041853.npz,[],[],[],[]
SC.AXI_20180523083402.npz,[1510],[0.973948],[2049],[0.820192]
SC.AXI_20180526050214.npz,[1519 2761],[0.784125 0.437817],[1942],[0.835707]
SC.AXI_20180513030247.npz,[1500],[0.840977],[2217],[0.469265]
SC.AXI_20180508200055.npz,[1523],[0.76493],[2845],[0.482747]
SC.AXI_20180526011557.npz,[1504 2708 2833],[0.943636 0.449833 0.381417],[1873],[0.687157]
SC.AXI_20180513060505.npz,[2779],[0.522421],[2785],[0.344693]
SC.AXI_20180517030524.npz,[1503 1588],[0.959405 0.533345],[1876],[0.688547]
SC.AXI_20180511120045.npz,[1504],[0.899142],[2022],[0.793919]
SC.AXI_20180525135609.npz,[1499 2871],[0.832327 0.359458],[2537],[0.860556]
SC.AXI_20180517031123.npz,[1500],[0.976082],[1789],[0.706534]
SC.AXI_20180505164354.npz,[1511],[0.832239],[2182],[0.716452]
SC.AXI_20180528033245.npz,[1527 2953],[0.599554 0.337945],[2608],[0.776455]
SC.AXI_20180527223347.npz,[],[],[517],[0.331932]
SC.AXI_20180518050338.npz,[1522],[0.958031],[1881],[0.780082]
SC.AXI_20180516164612.npz,[1509],[0.79423],[2235],[0.318653]
SC.AXI_20180527130141.npz,[1506],[0.966424],[1917],[0.877863]
SC.AXI_20180529183546.npz,[1507],[0.887598],[1885],[0.846859]
SC.AXI_20180506152237.npz,[1768],[0.589328],[],[]
SC.AXI_20180518051921.npz,[1522],[0.958031],[1881],[0.780082]
SC.AXI_20180517111228.npz,[1522],[0.958031],[1881],[0.780082]
SC.AXI_20180518035102.npz,[1522],[0.958031],[1881],[0.780082]
SC.AXI_20180520125400.npz,[1519],[0.57819],[2241],[0.439771]
SC.AXI_20180529202249.npz,[1510],[0.971839],[1796],[0.889606]
SC.AXI_20180529143440.npz,[613 1502],[0.318774 0.836929],[1781],[0.623477]
SC.AXI_20180530115824.npz,[1445],[0.762346],[1988],[0.517249]
SC.AXI_20180524153643.npz,[1510],[0.927242],[1797],[0.82358]
SC.AXI_20180531233859.npz,[1505],[0.957745],[1804],[0.592215]
SC.AXI_20180518053730.npz,[1522],[0.958031],[1881],[0.780082]
SC.AXI_20180519044826.npz,[1495],[0.86542],[1828],[0.863682]
SC.AXI_20180507224326.npz,[],[],[],[]
SC.AXI_20180531075107.npz,[1503],[0.968122],[1780],[0.891016]
SC.AXI_20180520170724.npz,[1503],[0.825346],[1629],[0.752433]
SC.AXI_20180601102024.npz,[1500],[0.304277],[1961],[0.59556]
SC.AXI_20180526121647.npz,[1496],[0.610953],[2329],[0.68298]
SC.AXI_20180602152142.npz,[1508],[0.892392],[],[]
SC.AXI_20180510020221.npz,[1506],[0.978192],[1730],[0.850009]
SC.AXI_20180525062353.npz,[1495 2951],[0.862296 0.508141],[2542],[0.742678]
SC.AXI_20180603195549.npz,[1506],[0.884847],[2161],[0.684565]
SC.AXI_20180524055101.npz,[1504],[0.973759],[1795],[0.939297]
SC.AXI_20180602054919.npz,[1515],[0.758614],[2366],[0.579255]
SC.AXI_20180521122312.npz,[1500],[0.929555],[2025],[0.630638]
SC.AXI_20180529025041.npz,[999 1449],[0.320269 0.330442],[1865],[0.811367]
SC.AXI_20180515231526.npz,[1489],[0.636054],[2407],[0.328998]
SC.AXI_20180604111136.npz,[1508],[0.947788],[1611],[0.313733]
SC.AXI_20180526152157.npz,[1503],[0.743121],[1657],[0.446234]
SC.AXI_20180530062121.npz,[1511],[0.931813],[1868],[0.88403]
SC.AXI_20180529031801.npz,[1516],[0.797232],[1942],[0.883025]
SC.AXI_20180526034625.npz,[1427 2580],[0.407762 0.365277],[2180],[0.77402]
SC.AXI_20180518030110.npz,[1522],[0.958031],[1881],[0.780082]
SC.AXI_20180608193310.npz,[1502],[0.92037],[2025],[0.925685]
SC.AXI_20180525070626.npz,[1447],[0.731186],[2180],[0.559298]
SC.AXI_20180604033814.npz,[1515],[0.893501],[2097],[0.874912]
SC.AXI_20180605035728.npz,[1545],[0.331359],[2166],[0.615938]
SC.AXI_20180601041947.npz,[1504],[0.827062],[2089],[0.941961]
SC.AXI_20180518060412.npz,[1522],[0.958031],[1881],[0.780082]
SC.AXI_20180530062816.npz,[1464],[0.815371],[1993],[0.793921]
SC.AXI_20180614131832.npz,[1502],[0.909116],[1929],[0.943748]
SC.AXI_20180526153438.npz,[1508],[0.878421],[1638],[0.895074]
SC.AXI_20180610181755.npz,[],[],[2020],[0.563618]
SC.AXI_20180528015052.npz,[],[],[],[]
SC.AXI_20180602182325.npz,[],[],[],[]
SC.AXI_20180523120820.npz,[1479],[0.872951],[1607],[0.372732]
SC.AXI_20180601051543.npz,[1507 2833],[0.69212 0.333573],[],[]
SC.AXI_20180608074352.npz,[1518],[0.915811],[1801],[0.929803]
SC.AXI_20180525142136.npz,[],[],[1973],[0.660079]
SC.AXI_20180603024504.npz,[1499],[0.887963],[2026],[0.864607]
SC.AXI_20180529201348.npz,[1509],[0.615041],[],[]
SC.AXI_20180616144646.npz,[1503],[0.937906],[1613],[0.959939]
SC.AXI_20180612161048.npz,[1507],[0.87363],[1634],[0.844971]
SC.AXI_20180529095533.npz,[],[],[],[]
SC.AXI_20180617083016.npz,[1508],[0.917398],[2021],[0.852331]
SC.AXI_20180604124520.npz,[1703],[0.300113],[],[]
SC.AXI_20180604123957.npz,[1534],[0.915234],[1799],[0.506543]
SC.AXI_20180616182728.npz,[1510],[0.961881],[1826],[0.927576]
SC.AXI_20180527174816.npz,[1447],[0.528883],[],[]
SC.AXI_20180617215919.npz,[1481],[0.679126],[2442],[0.692222]
SC.AXI_20180531124411.npz,[1477],[0.686918],[1893],[0.531547]
SC.AXI_20180530064913.npz,[1510],[0.959222],[1813],[0.762231]
SC.AXI_20180609001016.npz,[],[],[],[]
SC.AXI_20180618031155.npz,[1502],[0.938475],[1785],[0.857361]
SC.AXI_20180609000608.npz,[],[],[],[]
SC.AXI_20180529151206.npz,[1505],[0.937822],[1810],[0.768239]
SC.AXI_20180618042824.npz,[],[],[],[]
SC.AXI_20180618231051.npz,[1920],[0.945508],[2510],[0.865035]
SC.AXI_20180621220942.npz,[1508],[0.947445],[2075],[0.901166]
SC.AXI_20180530172046.npz,[1504],[0.534327],[],[]
SC.AXI_20180615213053.npz,[1511],[0.695891],[2340],[0.712801]
SC.AXI_20180619205834.npz,[1508],[0.841814],[2319],[0.569376]
SC.AXI_20180601063626.npz,[1561],[0.543027],[2093],[0.602943]
SC.AXI_20180619131936.npz,[1507],[0.902938],[2023],[0.523538]
SC.AXI_20180616042559.npz,[1502],[0.958187],[1753],[0.817391]
SC.AXI_20180602113927.npz,[1504],[0.943261],[2323],[0.625709]
SC.AXI_20180624222216.npz,[1500],[0.898821],[1780],[0.844589]
SC.AXI_20180622173644.npz,[1476],[0.816549],[2702],[0.660775]
SC.AXI_20180601202101.npz,[1545],[0.651263],[2897],[0.466518]
SC.AXI_20180622060114.npz,[1535 2913],[0.786744 0.30384],[2293 2921],[0.440034 0.460362]
SC.AXI_20180603193539.npz,[1504],[0.565572],[1985],[0.821328]
SC.AXI_20180706131945.npz,[1511],[0.905874],[],[]
SC.AXI_20180617183736.npz,[1519],[0.886497],[1873],[0.805767]
SC.AXI_20180617175906.npz,[1503],[0.841289],[1804],[0.876698]
SC.AXI_20180604053528.npz,[1555],[0.87041],[2145],[0.646681]
SC.AXI_20180603220548.npz,[1503],[0.866145],[2274],[0.726053]
SC.AXI_20180705062742.npz,[],[],[],[]
SC.AXI_20180628235222.npz,[1484 1551],[0.517031 0.347287],[1706],[0.803771]
SC.AXI_20180606230140.npz,[1504],[0.962036],[1797],[0.869045]
SC.AXI_20180618053245.npz,[1496 2397],[0.868356 0.333816],[1767],[0.932491]
SC.AXI_20180608110212.npz,[1512],[0.972028],[2023],[0.771342]
SC.AXI_20180604131458.npz,[1506],[0.977872],[1775],[0.589663]
SC.AXI_20180707043133.npz,[],[],[2440],[0.611815]
SC.AXI_20180708122143.npz,[1435],[0.711011],[],[]
SC.AXI_20180618092444.npz,[1505],[0.71835],[1993],[0.848236]
SC.AXI_20180620040047.npz,[1506],[0.973557],[1661],[0.927721]
SC.AXI_20180708131757.npz,[1502],[0.950126],[1616],[0.503245]
SC.AXI_20180613171615.npz,[1523],[0.89733],[],[]
SC.AXI_20180707151935.npz,[1504],[0.953156],[1687],[0.622145]
SC.AXI_20180611125056.npz,[1486],[0.82148],[1781],[0.504754]
SC.AXI_20180623175419.npz,[1497],[0.697404],[2833],[0.356609]
SC.AXI_20180609092817.npz,[1496],[0.625163],[2062],[0.90697]
SC.AXI_20180709115852.npz,[1496],[0.87285],[1885],[0.910877]
SC.AXI_20180711092200.npz,[1500],[0.950006],[1621],[0.699569]
SC.AXI_20180617051420.npz,[1525 2545],[0.753474 0.44032],[1610],[0.438881]
SC.AXI_20180620043327.npz,[1503],[0.974322],[1657],[0.867973]
SC.AXI_20180616163040.npz,[1519],[0.358425],[1877],[0.462557]
SC.AXI_20180708161116.npz,[1504],[0.927752],[1637],[0.7997]
SC.AXI_20180705115832.npz,[1516],[0.88885],[1641],[0.874554]
SC.AXI_20180618020559.npz,[1503],[0.887778],[1947],[0.58746]
SC.AXI_20180712072825.npz,[],[],[],[]
SC.AXI_20180618031300.npz,[1499],[0.900895],[1934],[0.669089]
SC.AXI_20180711105058.npz,[1506],[0.937069],[1631],[0.668506]
SC.AXI_20180712004114.npz,[],[],[],[]
SC.AXI_20180624082419.npz,[1483],[0.849438],[],[]
SC.AXI_20180616062512.npz,[1511],[0.950804],[2021],[0.857559]
SC.AXI_20180717192132.npz,[1496],[0.95148],[1916],[0.926603]
SC.AXI_20180707233452.npz,[1503],[0.94141],[1925],[0.764918]
SC.AXI_20180619054217.npz,[1893],[0.645239],[1956],[0.858019]
SC.AXI_20180619163439.npz,[1500],[0.712876],[1933],[0.494526]
SC.AXI_20180714233955.npz,[1966],[0.957121],[595 2369],[0.756687 0.79617]
SC.AXI_20180720072322.npz,[1506],[0.960796],[1869],[0.872345]
SC.AXI_20180712084445.npz,[],[],[2741],[0.668671]
SC.AXI_20180708173407.npz,[1499],[0.837552],[1823],[0.500589]
SC.AXI_20180622044412.npz,[],[],[],[]
SC.AXI_20180617202602.npz,[1500],[0.95799],[1986],[0.826314]
SC.AXI_20180706003910.npz,[],[],[],[]
SC.AXI_20180622095459.npz,[1503],[0.91161],[1798],[0.550037]
SC.AXI_20180711160425.npz,[1493],[0.446067],[2641],[0.378719]
SC.AXI_20180719000300.npz,[],[],[],[]
SC.AXI_20180719204708.npz,[1507],[0.858928],[1810],[0.785676]
SC.AXI_20180626042146.npz,[1502],[0.963445],[1908],[0.949232]
SC.AXI_20180629084220.npz,[1501],[0.938644],[2349],[0.75303]
SC.AXI_20180618165907.npz,[1511],[0.369484],[2972],[0.443694]
SC.AXI_20180708083458.npz,[1502],[0.942378],[2386],[0.739803]
SC.AXI_20180721210600.npz,[1507],[0.898483],[1883],[0.518489]
SC.AXI_20180712142231.npz,[],[],[],[]
SC.AXI_20180707012431.npz,[1488 2913],[0.78056 0.342793],[2269],[0.575844]
SC.AXI_20180707060846.npz,[1508],[0.962285],[1926],[0.773853]
SC.AXI_20180720231414.npz,[1505],[0.911299],[2154],[0.856621]
SC.AXI_20180721143550.npz,[1503],[0.944916],[1869],[0.627859]
SC.AXI_20180709012123.npz,[1500],[0.565157],[2261],[0.788125]
SC.AXI_20180723101039.npz,[1497],[0.510357],[1892],[0.912406]
SC.AXI_20180620140015.npz,[1483],[0.884233],[1946],[0.635662]
SC.AXI_20180708131253.npz,[1496],[0.874902],[],[]
SC.AXI_20180708135055.npz,[1475],[0.526047],[1905],[0.506079]
SC.AXI_20180722020832.npz,[1503],[0.940344],[1821],[0.642633]
SC.AXI_20180719033304.npz,[1514],[0.919425],[2292],[0.66439]
SC.AXI_20180726034224.npz,[1504],[0.880267],[2176],[0.689035]
SC.AXI_20180728115611.npz,[1485 2938],[0.364454 0.642205],[],[]
SC.AXI_20180721014215.npz,[1467],[0.963556],[1756],[0.6916]
SC.AXI_20180723070204.npz,[1512],[0.649532],[],[]
SC.AXI_20180711214053.npz,[],[],[2547],[0.402514]
SC.AXI_20180729114001.npz,[1506],[0.951231],[1933],[0.823922]
SC.AXI_20180711103801.npz,[1502],[0.945912],[1621],[0.662953]
SC.AXI_20180711091655.npz,[1500],[0.902727],[1601],[0.519356]
SC.AXI_20180801000915.npz,[2610],[0.93451],[2898],[0.813161]
SC.AXI_20180624192043.npz,[1504],[0.861578],[1812],[0.886028]
SC.AXI_20180726231959.npz,[],[],[],[]
SC.AXI_20180712163136.npz,[1510],[0.972798],[1624],[0.630161]
SC.AXI_20180722151713.npz,[1443],[0.642816],[2215],[0.459396]
SC.AXI_20180801121707.npz,[1504],[0.948515],[1814],[0.83502]
SC.AXI_20180712004152.npz,[602],[0.977255],[725],[0.742932]
SC.AXI_20180712083035.npz,[1505],[0.813929],[],[]
SC.AXI_20180803000810.npz,[],[],[],[]
SC.AXI_20180731040412.npz,[1496],[0.693135],[2145],[0.684605]
SC.AXI_20180706062759.npz,[1506],[0.950588],[1829],[0.883596]
SC.AXI_20180719034708.npz,[1488],[0.607909],[2244],[0.39918]
SC.AXI_20180726122039.npz,[1484],[0.750448],[1796],[0.774704]
SC.AXI_20180721101151.npz,[1509],[0.958214],[1563],[0.879509]
SC.AXI_20180803093420.npz,[],[],[],[]
SC.AXI_20180715070826.npz,[1508],[0.979708],[1885],[0.639946]
SC.AXI_20180708104802.npz,[],[],[],[]
SC.AXI_20180802035808.npz,[1496],[0.783149],[2058],[0.737041]
SC.AXI_20180805023733.npz,[1507],[0.94416],[1841],[0.870672]
SC.AXI_20180730162141.npz,[1503],[0.948569],[1797],[0.845271]
SC.AXI_20180723034601.npz,[1503],[0.981166],[1773],[0.943065]
SC.AXI_20180718200627.npz,[1505],[0.648836],[2305],[0.656214]
SC.AXI_20180719235614.npz,[2283],[0.895902],[2541],[0.344612]
SC.AXI_20180709034907.npz,[1508],[0.923525],[1618],[0.961868]
SC.AXI_20180805210212.npz,[1507],[0.855898],[1952],[0.773583]
SC.AXI_20180726135437.npz,[1503],[0.821414],[1841],[0.714819]
SC.AXI_20180801162651.npz,[1512],[0.931236],[1805],[0.640536]
SC.AXI_20180807054336.npz,[1551],[0.934956],[1969],[0.930588]
SC.AXI_20180804183048.npz,[1508],[0.883334],[1599],[0.348723]
SC.AXI_20180711225022.npz,[1511 2871],[0.951786 0.444749],[371 1617],[0.302123 0.708856]
SC.AXI_20180721175716.npz,[1498],[0.851909],[1821],[0.514065]
SC.AXI_20180720194205.npz,[1507],[0.873728],[2115],[0.841937]
SC.AXI_20180803110428.npz,[1515],[0.838134],[2201],[0.655263]
SC.AXI_20180806221642.npz,[1508],[0.957519],[1845],[0.892024]
SC.AXI_20180722015215.npz,[1499],[0.767779],[],[]
SC.AXI_20180810080410.npz,[1505],[0.938624],[1980],[0.731688]
SC.AXI_20180713185719.npz,[1509],[0.74486],[1634],[0.880836]
SC.AXI_20180730163914.npz,[],[],[],[]
SC.AXI_20180726022456.npz,[1503],[0.952954],[1858],[0.837659]
SC.AXI_20180806000724.npz,[],[],[],[]
SC.AXI_20180808130148.npz,[1507],[0.910958],[1667 1719],[0.327775 0.441117]
SC.AXI_20180807193900.npz,[1452],[0.384522],[2697],[0.513343]
SC.AXI_20180723074841.npz,[1491],[0.473515],[2009],[0.5924]
SC.AXI_20180807220642.npz,[1512],[0.655439],[2149],[0.794203]
SC.AXI_20180813185113.npz,[1503],[0.953729],[1633],[0.828448]
SC.AXI_20180812223142.npz,[1504],[0.958392],[1766],[0.904844]
SC.AXI_20180728115628.npz,[1495],[0.893429],[1699],[0.449619]
SC.AXI_20180801174329.npz,[1492],[0.773029],[171 1823],[0.554889 0.547738]
SC.AXI_20180811101249.npz,[1507],[0.967301],[2057],[0.929766]
SC.AXI_20180811183951.npz,[1514],[0.930673],[1633],[0.8342]
SC.AXI_20180719044831.npz,[1506],[0.977286],[1589],[0.960332]
SC.AXI_20180728012725.npz,[1495],[0.720967],[2324],[0.531941]
SC.AXI_20180814181620.npz,[1519],[0.870586],[1996],[0.652161]
SC.AXI_20180803223524.npz,[1503],[0.982868],[1803],[0.638722]
SC.AXI_20180721134934.npz,[1618],[0.952803],[2213],[0.918109]
SC.AXI_20180731183637.npz,[1506],[0.964426],[1801],[0.742189]
SC.AXI_20180801054555.npz,[1506],[0.967238],[1822],[0.835547]
SC.AXI_20180814025046.npz,[1483],[0.939889],[1780],[0.68517]
SC.AXI_20180815220149.npz,[1505],[0.943228],[1781],[0.742114]
SC.AXI_20180815072504.npz,[1479],[0.568075],[2313],[0.558307]
SC.AXI_20180814073118.npz,[1507],[0.681294],[2309],[0.852615]
SC.AXI_20180806020249.npz,[1445],[0.534083],[2057],[0.758832]
SC.AXI_20180817154626.npz,[1488],[0.890297],[1837],[0.697698]
SC.AXI_20180723064616.npz,[1508],[0.968431],[1705],[0.802269]
SC.AXI_20180802223421.npz,[1511],[0.903912],[],[]
SC.AXI_20180803081614.npz,[1504],[0.919529],[1961],[0.792785]
SC.AXI_20180815192019.npz,[1504],[0.685845],[2749],[0.520523]
SC.AXI_20180808112528.npz,[1500],[0.460599],[],[]
SC.AXI_20180816014602.npz,[],[],[2210],[0.706013]
SC.AXI_20180819062553.npz,[1506],[0.944925],[1981],[0.823771]
SC.AXI_20180815173324.npz,[458],[0.7586],[665],[0.437773]
SC.AXI_20180726145808.npz,[1500],[0.812797],[1841],[0.775903]
SC.AXI_20180816104705.npz,[1499],[0.903288],[],[]
SC.AXI_20180804225452.npz,[1502],[0.967668],[1893],[0.879081]
SC.AXI_20180812115224.npz,[1536],[0.507546],[1719],[0.558408]
SC.AXI_20180816050514.npz,[1477],[0.813534],[2276],[0.638309]
SC.AXI_20180731002105.npz,[],[],[],[]
SC.AXI_20180805110043.npz,[1504],[0.900255],[1675],[0.429058]
SC.AXI_20180821052100.npz,[1527],[0.803959],[1853],[0.900367]
SC.AXI_20180818165303.npz,[1502],[0.967595],[1794],[0.748679]
SC.AXI_20180818023959.npz,[1508],[0.937984],[1829],[0.725111]
SC.AXI_20180814105625.npz,[1484],[0.686912],[1815],[0.365915]
SC.AXI_20180806233638.npz,[1501],[0.680745],[2313],[0.412247]
SC.AXI_20180818105000.npz,[1503],[0.961874],[1880],[0.916964]
SC.AXI_20180820031659.npz,[1507],[0.965584],[1885],[0.647214]
SC.AXI_20180828012805.npz,[1633],[0.639763],[1874],[0.805337]
SC.AXI_20180802004947.npz,[1507],[0.931633],[2089],[0.886895]
SC.AXI_20180819185256.npz,[1503],[0.973606],[1622],[0.791555]
SC.AXI_20180815193814.npz,[1517 2852],[0.971639 0.37505],[2026],[0.823149]
SC.AXI_20180807173759.npz,[1523],[0.864019],[1918],[0.719325]
SC.AXI_20180809195443.npz,[1497],[0.687272],[2308],[0.477523]
SC.AXI_20180819220604.npz,[1506],[0.918101],[2037],[0.525615]
SC.AXI_20180816202009.npz,[1492],[0.823388],[2119],[0.485565]
SC.AXI_20180810175725.npz,[1617],[0.311133],[1897],[0.843774]
SC.AXI_20180825072235.npz,[1502],[0.969045],[1797],[0.904546]
SC.AXI_20180831013901.npz,[1479],[0.825582],[2023],[0.580999]
SC.AXI_20180804182941.npz,[1500],[0.943662],[1681],[0.505706]
SC.AXI_20180813065856.npz,[1493],[0.441578],[1828],[0.589138]
SC.AXI_20180822140711.npz,[1498],[0.964153],[1837],[0.700921]
SC.AXI_20180821115104.npz,[],[],[],[]
SC.AXI_20180902060740.npz,[1509],[0.938585],[1877],[0.650506]
SC.AXI_20180819002710.npz,[1499],[0.944519],[1902],[0.866403]
SC.AXI_20180830170421.npz,[1488],[0.790698],[1644],[0.385478]
SC.AXI_20180814022838.npz,[1504],[0.656091],[1857],[0.602928]
SC.AXI_20180830145301.npz,[1496],[0.922615],[1829],[0.76041]
SC.AXI_20180814181648.npz,[],[],[],[]
SC.AXI_20180806190341.npz,[1511],[0.928107],[1629],[0.845085]
SC.AXI_20180820060915.npz,[1500],[0.636669],[2465],[0.802971]
SC.AXI_20180901151721.npz,[1495],[0.851098],[1851],[0.548253]
SC.AXI_20180830024156.npz,[],[],[1761 2702],[0.66025 0.317675]
SC.AXI_20180905160934.npz,[1502],[0.954337],[1761],[0.948038]
SC.AXI_20180815121837.npz,[1536],[0.586453],[2177],[0.624334]
SC.AXI_20180808120755.npz,[1500],[0.860345],[1622],[0.549945]
SC.AXI_20180831114743.npz,[1504],[0.916776],[1945],[0.830799]
SC.AXI_20180910044035.npz,[],[],[],[]
SC.AXI_20180825212419.npz,[1475],[0.830867],[1922],[0.787614]
SC.AXI_20180904050724.npz,[1509],[0.918349],[1853],[0.898809]
SC.AXI_20180816002350.npz,[],[],[],[]
SC.AXI_20180812145158.npz,[1495],[0.903502],[1965],[0.67834]
SC.AXI_20180902142646.npz,[1512],[0.953221],[1984],[0.788215]
SC.AXI_20180816022529.npz,[1514],[0.880007],[2024],[0.581734]
SC.AXI_20180908212803.npz,[1504],[0.840872],[1981],[0.763348]
SC.AXI_20180911162107.npz,[1559],[0.526032],[2091],[0.407914]
SC.AXI_20180901062231.npz,[1503],[0.868194],[2305],[0.651961]
SC.AXI_20180818005242.npz,[1397],[0.624154],[2961],[0.510041]
SC.AXI_20180830204501.npz,[1496],[0.668282],[],[]
SC.AXI_20180814142603.npz,[1499],[0.905884],[1927],[0.512545]
SC.AXI_20180911143036.npz,[1508],[0.959084],[1653],[0.83448]
SC.AXI_20180908103129.npz,[1697],[0.598912],[],[]
SC.AXI_20180818104002.npz,[1507],[0.958066],[1704],[0.683292]
SC.AXI_20180903221823.npz,[1506],[0.978565],[1790],[0.742032]
SC.AXI_20180912190634.npz,[1525],[0.719741],[],[]
SC.AXI_20180819203117.npz,[1497],[0.703386],[],[]
SC.AXI_20180901211256.npz,[1514],[0.936229],[1634],[0.651656]
SC.AXI_20180910180130.npz,[1504],[0.772614],[1588 1853],[0.499173 0.308874]
SC.AXI_20180815215026.npz,[1503],[0.958091],[1877],[0.838416]
SC.AXI_20180908202901.npz,[1499],[0.931185],[2470],[0.737372]
SC.AXI_20180913194229.npz,[1506],[0.9723],[1974],[0.847277]
SC.AXI_20180911200859.npz,[1429 1525],[0.411415 0.323763],[2684],[0.752233]
SC.AXI_20180905010905.npz,[1527],[0.810834],[2170],[0.845333]
SC.AXI_20180819164347.npz,[1506],[0.96723],[1671],[0.758707]
SC.AXI_20180822043822.npz,[],[],[],[]
SC.AXI_20180916060604.npz,[1498],[0.944266],[1828],[0.876462]
SC.AXI_20180817131344.npz,[1499],[0.842318],[1664],[0.658277]
SC.AXI_20180913105649.npz,[1503],[0.864282],[2697],[0.411943]
SC.AXI_20180911193850.npz,[1522],[0.958031],[1881],[0.780082]
SC.AXI_20180821081844.npz,[1503],[0.680865],[1911],[0.367724]
SC.AXI_20180909111611.npz,[1509],[0.844596],[1948],[0.601848]
SC.AXI_20180911121921.npz,[1507],[0.947358],[1809],[0.752517]
SC.AXI_20180919170240.npz,[1513],[0.845144],[1638],[0.738211]
SC.AXI_20180830135056.npz,[1517],[0.868374],[1997],[0.895526]
SC.AXI_20180819053836.npz,[1506],[0.93701],[1911],[0.741313]
SC.AXI_20180922182103.npz,[1511],[0.853916],[1638],[0.88941]
SC.AXI_20180913010005.npz,[1508],[0.742297],[2452],[0.823138]
SC.AXI_20180831144313.npz,[1500],[0.965403],[1881],[0.884101]
SC.AXI_20180911194945.npz,[1522],[0.958031],[1881],[0.780082]
SC.AXI_20180820073159.npz,[1498],[0.954183],[1905],[0.501434]
SC.AXI_20180914183834.npz,[1490],[0.829428],[1885],[0.603058]
SC.AXI_20180829094125.npz,[1506],[0.931892],[2777],[0.709431]
SC.AXI_20180926223230.npz,[1504],[0.971111],[1785],[0.762686]
SC.AXI_20180911151424.npz,[1507],[0.948785],[2093],[0.926812]
SC.AXI_20180902192809.npz,[1508],[0.892817],[2129],[0.630048]
SC.AXI_20180918123621.npz,[1412],[0.755485],[],[]
SC.AXI_20180914004712.npz,[2913],[0.393625],[],[]
SC.AXI_20180827153513.npz,[1524],[0.934738],[1815],[0.629266]
SC.AXI_20180913055124.npz,[1500],[0.551166],[],[]
SC.AXI_20180908110622.npz,[1503],[0.879481],[1957],[0.316708]
SC.AXI_20181001033844.npz,[1511],[0.975382],[1633],[0.931165]
SC.AXI_20180831074838.npz,[1515],[0.87014],[2072],[0.814381]
SC.AXI_20180921110344.npz,[1492],[0.771561],[1838],[0.853989]
SC.AXI_20180912131158.npz,[],[],[],[]
SC.AXI_20180916193139.npz,[1507],[0.971242],[1885],[0.76518]
SC.AXI_20180830205548.npz,[1455],[0.50065],[],[]
SC.AXI_20180914133630.npz,[1475],[0.45251],[],[]
SC.AXI_20180913122500.npz,[1506],[0.933242],[2039],[0.622661]
SC.AXI_20180920135341.npz,[1503],[0.923727],[1636],[0.565654]
SC.AXI_20180911115558.npz,[1545],[0.603721],[],[]
SC.AXI_20181004090358.npz,[1480],[0.679032],[2463],[0.459349]
SC.AXI_20180926105321.npz,[1502],[0.969137],[1699],[0.556275]
SC.AXI_20180902083617.npz,[1508],[0.971734],[1905],[0.846216]
SC.AXI_20180901231348.npz,[1504],[0.943705],[1761],[0.924335]
SC.AXI_20180915081114.npz,[1436],[0.763424],[2018],[0.635019]
SC.AXI_20180924084838.npz,[1502],[0.965817],[1997],[0.875962]
SC.AXI_20180911194821.npz,[1522],[0.958031],[1881],[0.780082]
SC.AXI_20180917193159.npz,[1508],[0.965297],[1773],[0.951289]
SC.AXI_20181006060527.npz,[1499],[0.918394],[2024],[0.851227]
SC.AXI_20180929134050.npz,[1481],[0.361665],[],[]
SC.AXI_20180905142611.npz,[1507],[0.974206],[1773],[0.947036]
SC.AXI_20180913031343.npz,[],[],[],[]
SC.AXI_20180907154352.npz,[1543],[0.840756],[1938],[0.888136]
SC.AXI_20180918162202.npz,[1490],[0.879962],[1898],[0.365235]
SC.AXI_20180928104012.npz,[1495],[0.892906],[1775],[0.455127]
SC.AXI_20180921050735.npz,[1504],[0.975095],[],[]
SC.AXI_20181002220938.npz,[1503],[0.790336],[2449],[0.628239]
SC.AXI_20180914125707.npz,[1400],[0.597857],[],[]
SC.AXI_20180910102058.npz,[1493],[0.395364],[1737],[0.621814]
SC.AXI_20181003104157.npz,[1473],[0.367179],[2073],[0.880512]
SC.AXI_20180909174511.npz,[1503],[0.952641],[],[]
SC.AXI_20180922054708.npz,[1510],[0.959841],[2005],[0.813925]
SC.AXI_20181009004909.npz,[1506],[0.954108],[1845],[0.772245]
SC.AXI_20181004125924.npz,[1512],[0.741946],[1781],[0.926464]
SC.AXI_20180926011004.npz,[],[],[],[]
SC.AXI_20180911191938.npz,[1531],[0.956407],[2033],[0.726994]
SC.AXI_20180911155311.npz,[1544],[0.583257],[1943],[0.474441]
SC.AXI_20181005010057.npz,[1504],[0.860165],[1945],[0.778205]
SC.AXI_20180926144229.npz,[1472],[0.738323],[1909],[0.46906]
SC.AXI_20180917061351.npz,[1583],[0.871713],[1870],[0.941029]
SC.AXI_20180929051057.npz,[1503],[0.904242],[1921],[0.805619]
SC.AXI_20181006222817.npz,[1500],[0.767532],[],[]
SC.AXI_20181013053807.npz,[1500],[0.946469],[1957],[0.798219]
SC.AXI_20180912151213.npz,[1495],[0.406541],[164 2238],[0.480862 0.758826]
SC.AXI_20180912200948.npz,[1500],[0.856726],[1961],[0.868806]
SC.AXI_20180929182147.npz,[1509],[0.943963],[1791],[0.56334]
SC.AXI_20180913234144.npz,[],[],[],[]
SC.AXI_20180920183704.npz,[1508],[0.957522],[1796],[0.472362]
SC.AXI_20181015124909.npz,[1479],[0.781965],[1614],[0.582187]
SC.AXI_20180913131650.npz,[],[],[2169],[0.442863]
SC.AXI_20181009012932.npz,[],[],[],[]
SC.AXI_20181003103935.npz,[1504],[0.980661],[1749],[0.771178]
SC.AXI_20181008001809.npz,[],[],[],[]
SC.AXI_20180925002633.npz,[],[],[],[]
SC.AXI_20181004045358.npz,[1496],[0.7793],[1767],[0.347146]
SC.AXI_20181019234524.npz,[1506],[0.955202],[2034],[0.786143]
SC.AXI_20180916002101.npz,[],[],[],[]
SC.AXI_20180916084732.npz,[1383],[0.487932],[1577],[0.337408]
SC.AXI_20181004173908.npz,[1506],[0.972544],[1789],[0.910524]
SC.AXI_20181011060728.npz,[1508],[0.927238],[1836],[0.648084]
SC.AXI_20181024000404.npz,[],[],[],[]
SC.AXI_20181013184816.npz,[1503],[0.975674],[1735],[0.584701]
SC.AXI_20181005133403.npz,[1494],[0.936584],[2013],[0.832577]
SC.AXI_20180919124837.npz,[],[],[],[]
SC.AXI_20180928164158.npz,[1503],[0.764976],[],[]
SC.AXI_20180922150530.npz,[1511],[0.853251],[1642],[0.808037]
SC.AXI_20181003035201.npz,[1510],[0.938429],[1790],[0.831081]
SC.AXI_20181025225838.npz,[1511],[0.973644],[1833],[0.874267]
SC.AXI_20181014125509.npz,[1506],[0.963801],[1980],[0.924137]
SC.AXI_20181008024647.npz,[1502],[0.913104],[2897],[0.368371]
SC.AXI_20181007232444.npz,[1504],[0.934594],[1789],[0.91968]
SC.AXI_20180919234148.npz,[1507],[0.96811],[1861],[0.656679]
SC.AXI_20180926180516.npz,[1503],[0.941775],[1804],[0.507851]
SC.AXI_20181004140453.npz,[1491],[0.900184],[2078],[0.840144]
SC.AXI_20181016151057.npz,[1504],[0.956525],[1813],[0.813501]
SC.AXI_20181007175745.npz,[1504],[0.923183],[1790],[0.786812]
SC.AXI_20180930132018.npz,[1501],[0.941613],[1840],[0.568325]
SC.AXI_20181030055742.npz,[1508],[0.973806],[1856],[0.856199]
SC.AXI_20181010171720.npz,[1510],[0.878687],[1636],[0.793803]
SC.AXI_20181018102707.npz,[1508],[0.700273],[2636],[0.551555]
SC.AXI_20181021040709.npz,[1499],[0.84773],[1794],[0.712532]
SC.AXI_20181010115104.npz,[1514],[0.940169],[1677],[0.654639]
SC.AXI_20180923153916.npz,[1468],[0.940705],[1810],[0.85748]
SC.AXI_20181004064616.npz,[1496],[0.855379],[2136],[0.502283]
SC.AXI_20181011114652.npz,[1499],[0.908566],[1920],[0.925629]
SC.AXI_20181014130248.npz,[1573],[0.446256],[],[]
SC.AXI_20181023123456.npz,[],[],[],[]
SC.AXI_20181102051102.npz,[1499],[0.833813],[],[]
SC.AXI_20181005172248.npz,[1507],[0.71752],[2475],[0.307596]
SC.AXI_20180927084430.npz,[1500],[0.948208],[1948],[0.640539]
SC.AXI_20181108042502.npz,[1475],[0.754701],[2236],[0.774265]
SC.AXI_20181014050841.npz,[1483],[0.90561],[2741],[0.402598]
SC.AXI_20181014023120.npz,[1504],[0.978854],[1789],[0.84965]
SC.AXI_20181025025854.npz,[1503],[0.952698],[1771],[0.53763]
SC.AXI_20181008212540.npz,[1463],[0.53751],[],[]
SC.AXI_20181025114548.npz,[1504 1636],[0.672897 0.434675],[1887],[0.360804]
SC.AXI_20181011165803.npz,[],[],[],[]
SC.AXI_20181018165036.npz,[1508],[0.917094],[1721],[0.709205]
SC.AXI_20181017225722.npz,[1500],[0.968437],[1878],[0.792517]
SC.AXI_20181112131215.npz,[1503],[0.950031],[1785],[0.629147]
SC.AXI_20181018032850.npz,[1506],[0.9484],[1978],[0.76657]
SC.AXI_20181029121442.npz,[1504],[0.971414],[1637],[0.879514]
SC.AXI_20181001061733.npz,[1495],[0.684616],[1841],[0.914928]
SC.AXI_20181026085457.npz,[],[],[],[]
SC.AXI_20181014162358.npz,[1505],[0.967451],[1789],[0.69431]
SC.AXI_20181031223549.npz,[],[],[],[]
SC.AXI_20181019232022.npz,[1513],[0.946128],[2022],[0.661021]
SC.AXI_20181021133944.npz,[1502],[0.956435],[1783],[0.421441]
SC.AXI_20181116015115.npz,[1501],[0.603828],[1885],[0.499634]
SC.AXI_20181022165826.npz,[1511],[0.866554],[2757],[0.401807]
SC.AXI_20181104115635.npz,[1531],[0.824299],[1685 1743],[0.403276 0.327674]
SC.AXI_20181004110609.npz,[1510],[0.941887],[1861],[0.871619]
SC.AXI_20181101125257.npz,[1515],[0.887742],[1626],[0.614871]
SC.AXI_20181023143131.npz,[1412],[0.471142],[1529],[0.400741]
SC.AXI_20181025071612.npz,[1499],[0.910195],[1749],[0.752752]
SC.AXI_20181023185505.npz,[1509],[0.851436],[1645],[0.806446]
SC.AXI_20181122075020.npz,[1506],[0.886719],[1895],[0.336392]
SC.AXI_20181109211413.npz,[1498],[0.917727],[1926],[0.921891]
SC.AXI_20181025075826.npz,[1506],[0.979808],[1553],[0.964859]
SC.AXI_20181026124719.npz,[1510],[0.945532],[1945],[0.930054]
SC.AXI_20181107110748.npz,[1511],[0.818485],[1807],[0.357515]
SC.AXI_20181006141042.npz,[1507],[0.398753],[1771 2449],[0.437033 0.396951]
SC.AXI_20181025121720.npz,[1459],[0.426926],[1508],[0.504699]
SC.AXI_20181025115919.npz,[],[],[],[]
SC.AXI_20181127102109.npz,[1499],[0.947569],[2097],[0.923828]
SC.AXI_20181113095948.npz,[],[],[],[]
SC.AXI_20181112023843.npz,[1515],[0.946235],[1945],[0.905905]
SC.AXI_20181128135131.npz,[1514],[0.950748],[1796],[0.942591]
SC.AXI_20181030033451.npz,[1505],[0.969066],[1909],[0.546761]
SC.AXI_20181029143517.npz,[1496],[0.692815],[1821],[0.772813]
SC.AXI_20181117003330.npz,[],[],[],[]
SC.AXI_20181101040549.npz,[1481],[0.479242],[2252],[0.537604]
SC.AXI_20181009011716.npz,[],[],[],[]
SC.AXI_20181027200535.npz,[1543],[0.832103],[2025],[0.754054]
SC.AXI_20181201113524.npz,[1509],[0.937714],[1946],[0.731937]
SC.AXI_20181106180728.npz,[1505],[0.799947],[1828],[0.695466]
SC.AXI_20181114175129.npz,[],[],[1559],[0.367231]
SC.AXI_20181101201056.npz,[1488],[0.721662],[1930],[0.634243]
SC.AXI_20181102021355.npz,[1478],[0.884511],[2305],[0.521221]
SC.AXI_20181013181918.npz,[1505],[0.967741],[1791],[0.583336]
SC.AXI_20181101091949.npz,[],[],[],[]
SC.AXI_20181122114824.npz,[1523],[0.896464],[1633],[0.846849]
SC.AXI_20181110062426.npz,[1512],[0.913352],[1683],[0.482735]
SC.AXI_20181204172759.npz,[1491],[0.85797],[1625],[0.619196]
SC.AXI_20181121172725.npz,[1507],[0.957026],[1629],[0.730736]
SC.AXI_20181107122606.npz,[1484],[0.655315],[],[]
SC.AXI_20181015172622.npz,[1492],[0.818176],[1624 1676],[0.31684 0.479857]
SC.AXI_20181107042901.npz,[1508],[0.966715],[2069],[0.705913]
SC.AXI_20181114115802.npz,[],[],[],[]
SC.AXI_20181127015957.npz,[1503],[0.976542],[1783],[0.891971]
SC.AXI_20181108015404.npz,[],[],[],[]
SC.AXI_20181210071409.npz,[1510],[0.956531],[2141],[0.732202]
SC.AXI_20181127195436.npz,[1463],[0.38123],[2157],[0.584669]
SC.AXI_20181112045759.npz,[1503],[0.473816],[2454],[0.803968]
SC.AXI_20181021014127.npz,[],[],[],[]
SC.AXI_20181117110348.npz,[1508],[0.959395],[1568],[0.592681]
SC.AXI_20181111000620.npz,[],[],[],[]
SC.AXI_20181215085529.npz,[1420],[0.845969],[2641],[0.624456]
SC.AXI_20181112130226.npz,[],[],[],[]
SC.AXI_20181114181602.npz,[1500],[0.777963],[1882],[0.824552]
SC.AXI_20181129081220.npz,[],[],[2669],[0.382765]
SC.AXI_20181128120748.npz,[1555],[0.727803],[1712],[0.548761]
SC.AXI_20181114122132.npz,[1516],[0.931025],[1805],[0.931636]
SC.AXI_20181024202310.npz,[1513],[0.788499],[1860],[0.649047]
SC.AXI_20181122180833.npz,[1516],[0.962807],[1799],[0.624606]
SC.AXI_20181128065808.npz,[1553],[0.489356],[],[]
SC.AXI_20181130181219.npz,[1507],[0.849548],[2689],[0.624032]
SC.AXI_20181201123031.npz,[],[],[],[]
SC.AXI_20181115053147.npz,[1500],[0.84379],[1810],[0.60293]
SC.AXI_20181121081721.npz,[1506],[0.968806],[1813],[0.840586]
SC.AXI_20181026005808.npz,[1506],[0.91114],[1892],[0.825203]
SC.AXI_20181221085129.npz,[1504],[0.976629],[1805],[0.875929]
SC.AXI_20181121173537.npz,[1504],[0.706363],[1966],[0.758478]
SC.AXI_20181129153639.npz,[],[],[],[]
SC.AXI_20181202085325.npz,[1507],[0.879611],[2681],[0.597368]
SC.AXI_20181226114632.npz,[1511],[0.88111],[1685],[0.624558]
SC.AXI_20181205195320.npz,[1504],[0.973632],[1777],[0.719286]
SC.AXI_20181121222247.npz,[1528],[0.881917],[1834],[0.721559]
SC.AXI_20181201164604.npz,[1500],[0.704111],[1643 2780],[0.412207 0.505504]
SC.AXI_20181127033257.npz,[1515],[0.543005],[],[]
SC.AXI_20181031162956.npz,[1510],[0.746458],[2970],[0.501825]
SC.AXI_20181230105110.npz,[1503],[0.894585],[1804],[0.692704]
SC.AXI_20181208122147.npz,[2113],[0.490948],[1513],[0.397372]
SC.AXI_20181126160918.npz,[1503],[0.832947],[1677],[0.83334]
SC.AXI_20181210155939.npz,[1507],[0.855143],[1751],[0.3087]
SC.AXI_20181208042633.npz,[1508],[0.946537],[1823],[0.440165]
SC.AXI_20181102103739.npz,[],[],[],[]
SC.AXI_20181127053603.npz,[1541],[0.378969],[],[]
SC.AXI_20181128121739.npz,[1527],[0.95279],[1866],[0.862272]
SC.AXI_20181215103121.npz,[1503],[0.964751],[1908],[0.824755]
SC.AXI_20181214115703.npz,[1511],[0.880319],[2125],[0.660619]
SC.AXI_20181211045901.npz,[1486],[0.852538],[1825],[0.613546]
SC.AXI_20181128115851.npz,[1508],[0.902482],[1685],[0.536196]
SC.AXI_20181128125931.npz,[],[],[],[]
SC.AXI_20181108083418.npz,[],[],[2777],[0.604321]
SC.AXI_20181130231854.npz,[1506],[0.948421],[1733],[0.895518]
SC.AXI_20181216124607.npz,[1553],[0.53154],[2435],[0.367605]
SC.AXI_20181201011616.npz,[1506],[0.948421],[1733],[0.895518]
SC.AXI_20181112213851.npz,[],[],[],[]
SC.AXI_20181130025227.npz,[1509],[0.511015],[1958],[0.851199]
SC.AXI_20181215182841.npz,[1506],[0.969186],[1788],[0.543225]
SC.AXI_20181222043913.npz,[1580],[0.582809],[],[]
SC.AXI_20181203032141.npz,[1498],[0.932003],[2284],[0.747478]
SC.AXI_20181225092055.npz,[1484],[0.347472],[1925],[0.372406]
SC.AXI_20181229165741.npz,[1496],[0.814235],[1612],[0.696746]
SC.AXI_20181116055935.npz,[1503],[0.867754],[1826],[0.818638]
SC.AXI_20181201181729.npz,[1508],[0.966057],[1789],[0.688535]
SC.AXI_20181208142308.npz,[1504],[0.520521],[],[]
SC.AXI_20181225013944.npz,[1508],[0.984187],[1765],[0.911555]
SC.AXI_20181203042010.npz,[1487],[0.841767],[1912],[0.676317]
SC.AXI_20181227221506.npz,[],[],[],[]
SC.AXI_20181208120806.npz,[1500],[0.938043],[1637],[0.399933]
SC.AXI_20181122082556.npz,[1537],[0.458061],[1917],[0.549389]
SC.AXI_20181214150835.npz,[1511],[0.875872],[1898],[0.891288]
SC.AXI_20181228045819.npz,[1501],[0.957519],[2021],[0.824322]
SC.AXI_20181208213827.npz,[1508],[0.688057],[],[]
SC.AXI_20181213070737.npz,[1507],[0.964618],[1912],[0.843292]
SC.AXI_20181217173515.npz,[1499],[0.863316],[1616],[0.768494]
SC.AXI_20181215070255.npz,[1455],[0.651535],[1894],[0.552761]
SC.AXI_20181127114501.npz,[1503],[0.896858],[1707],[0.402483]
SC.AXI_20181216052138.npz,[1518],[0.695112],[],[]
SC.AXI_20181129063304.npz,[],[],[],[]
SC.AXI_20181225052814.npz,[1504],[0.730062],[1666],[0.961443]
SC.AXI_20181218184514.npz,[1505],[0.856793],[1633],[0.900423]
SC.AXI_20181225112102.npz,[1436 1489],[0.323832 0.413954],[1945],[0.303667]
SC.AXI_20181225130444.npz,[1503],[0.934545],[1978],[0.671544]
SC.AXI_20181228203448.npz,[1420],[0.436642],[],[]
SC.AXI_20181201114301.npz,[1498],[0.94747],[1613 1681],[0.379057 0.602244]
SC.AXI_20181230064844.npz,[1513],[0.567169],[2017],[0.573332]
SC.AXI_20181229195255.npz,[1523],[0.944443],[2094],[0.735096]
SC.AXI_20181204173503.npz,[1464],[0.665706],[],[]
SC.AXI_20181210111540.npz,[1564],[0.356389],[1640],[0.303273]
SC.AXI_20181215091653.npz,[1529],[0.701397],[2065],[0.549717]
SC.AXI_20181222025212.npz,[],[],[],[]
SC.AXI_20181227050914.npz,[1503],[0.986931],[1611],[0.962424]
SC.AXI_20181231045204.npz,[1501],[0.938612],[1870],[0.927076]
